Workbook

Sheet Instructions
A1: Perform the following in the dataset from the 'Dataset' sheet.
B3: 1) Sum, Count, Average:
C4: • What is the total price of all products in the dataset?
C5: • How many products are there in the dataset?
C6: • Calculate the average price of the products.
B8: 2) Min and Max:
C9: • Determine the minimum price among all products.
C10: • Find the maximum price among all products.
B12: 3) IF Function:
C13: • Using an IF function, create a new column named Price Range to categorize products with a price greater than or equal to $500 as 'High Price' and others as 'Standard Price'.
B15: 4) SUMIF and COUNTIF:
C16: • Calculate the total price for products in the 'Electronics' category using the SUMIF function.
C17: • Determine the count of products with a price less than $100 using the COUNTIF function.
B19: 5) Text Formatting - LEFT, RIGHT, MID:
C20: • Create a new column named Day with the first 2 characters of each 'Product ID' using the LEFT function.
C21: • Create a new column named Country Code by extracting the last 2 characters from the 'Product ID' column using the RIGHT function.
C22: • Create a new column named Month by extracting 4th to 6th characters from the 'Product ID' column using the MID function.

Sheet Dataset
A1: Product ID | B1: Product Name | C1: Brand Name | D1: Price ($) | E1: Quantity | F1: Category | G1: Price Range | H1: Day | I1: Country code | J1: Month
A2: 28-JAN-US | B2: Laptop | C2: Dell | D2: 1000 | E2: 30 | F2: Electronics | G2: =IF(D2>=500,"High Price","Standard Price") -> High Price | H2: =LEFT(A2,2) -> 28 | I2: =RIGHT(A2,2) -> US | J2: =MID(A2,4,3) -> JAN
A3: 15-FEB-US | B3: Sneakers | C3: Nike | D3: 80 | E3: 15 | F3: Fashion | G3: =IF(D3>=500,"High Price","Standard Price") -> Standard Price | H3: =LEFT(A3,2) -> 15 | I3: =RIGHT(A3,2) -> US | J3: =MID(A3,4,3) -> FEB
A4: 03-MAR-US | B4: Coffee Maker | C4: Keurig | D4: 130 | E4: 40 | F4: Kitchen | G4: =IF(D4>=500,"High Price","Standard Price") -> Standard Price | H4: =LEFT(A4,2) -> 03 | I4: =RIGHT(A4,2) -> US | J4: =MID(A4,4,3) -> MAR
A5: 11-APR-US | B5: Smartphone | C5: Samsung | D5: 900 | E5: 25 | F5: Electronics | G5: =IF(D5>=500,"High Price","Standard Price") -> High Price | H5: =LEFT(A5,2) -> 11 | I5: =RIGHT(A5,2) -> US | J5: =MID(A5,4,3) -> APR
A6: 22-MAY-US | B6: Backpack | C6: North Face | D6: 70 | E6: 20 | F6: Outdoor | G6: =IF(D6>=500,"High Price","Standard Price") -> Standard Price | H6: =LEFT(A6,2) -> 22 | I6: =RIGHT(A6,2) -> US | J6: =MID(A6,4,3) -> MAY
A7: 07-JUN-UK | B7: Headphones | C7: Sony | D7: 200 | E7: 45 | F7: Electronics | G7: =IF(D7>=500,"High Price","Standard Price") -> Standard Price | H7: =LEFT(A7,2) -> 07 | I7: =RIGHT(A7,2) -> UK | J7: =MID(A7,4,3) -> JUN
A8: 19-JUL-UK | B8: T-shirt | C8: Adidas | D8: 30 | E8: 5 | F8: Fashion | G8: =IF(D8>=500,"High Price","Standard Price") -> Standard Price | H8: =LEFT(A8,2) -> 19 | I8: =RIGHT(A8,2) -> UK | J8: =MID(A8,4,3) -> JUL
A9: 23-AUG-UK | B9: Blender | C9: Ninja | D9: 90 | E9: 35 | F9: Kitchen | G9: =IF(D9>=500,"High Price","Standard Price") -> Standard Price | H9: =LEFT(A9,2) -> 23 | I9: =RIGHT(A9,2) -> UK | J9: =MID(A9,4,3) -> AUG
A10: 05-SEP-UK | B10: Tablet | C10: Apple | D10: 500 | E10: 50 | F10: Electronics | G10: =IF(D10>=500,"High Price","Standard Price") -> High Price | H10: =LEFT(A10,2) -> 05 | I10: =RIGHT(A10,2) -> UK | J10: =MID(A10,4,3) -> SEP
A11: 14-OCT-UK | B11: Hiking Boots | C11: Timberland | D11: 130 | E11: 10 | F11: Outdoor | G11: =IF(D11>=500,"High Price","Standard Price") -> Standard Price | H11: =LEFT(A11,2) -> 14 | I11: =RIGHT(A11,2) -> UK | J11: =MID(A11,4,3) -> OCT
A12: 17-JUN-IN | B12: Laptop | C12: HP | D12: 950 | E12: 25 | F12: Electronics | G12: =IF(D12>=500,"High Price","Standard Price") -> High Price | H12: =LEFT(A12,2) -> 17 | I12: =RIGHT(A12,2) -> IN | J12: =MID(A12,4,3) -> JUN
A13: 25-NOV-AU | B13: Sneakers | C13: Adidas | D13: 90 | E13: 40 | F13: Fashion | G13: =IF(D13>=500,"High Price","Standard Price") -> Standard Price | H13: =LEFT(A13,2) -> 25 | I13: =RIGHT(A13,2) -> AU | J13: =MID(A13,4,3) -> NOV
... A19: 27-JAN-IT | B19: Laptop | C19: Asus | D19: 980 | E19: 10 | F19: Electronics | G19: =IF(D19>=500,"High Price","Standard Price") -> High Price | H19: =LEFT(A19,2) -> 27 | I19: =RIGHT(A19,2) -> IT | J19: =MID(A19,4,3) -> JAN
A20: 01-MAR-UK | B20: Sunglasses | C20: Oakley | D20: =SUMIF(F2:F100,"Electronics",D2:D100) -> 8050 | E20: 15 | F20: Fashion | G20: =IF(D20>=500,"High Price","Standard Price") -> High Price | H20: =LEFT(A20,2) -> 01 | I20: =RIGHT(A20,2) -> UK | J20: =MID(A20,4,3) -> MAR
A21: 14-AUG-US | B21: Camping Tent | C21: Coleman | D21: 200 | E21: 10 | F21: Outdoor | G21: =IF(D21>=500,"High Price","Standard Price") -> Standard Price | H21: =LEFT(A21,2) -> 14 | I21: =RIGHT(A21,2) -> US | J21: =MID(A21,4,3) -> AUG
A22: 14-MAY-RU | B22: Camera | C22: Nikon | D22: 700 | E22: 50 | F22: Electronics | G22: =IF(D22>=500,"High Price","Standard Price") -> High Price | H22: =LEFT(A22,2) -> 14 | I22: =RIGHT(A22,2) -> RU | J22: =MID(A22,4,3) -> MAY
A23: 09-JAN-CA | B23: Microwave | C23: Panasonic | D23: 80 | E23: 20 | F23: Kitchen | G23: =IF(D23>=500,"High Price","Standard Price") -> Standard Price | H23: =LEFT(A23,2) -> 09 | I23: =RIGHT(A23,2) -> CA | J23: =MID(A23,4,3) -> JAN
A24: 19-JUL-BR | B24: Fitness Tracker | C24: Xiaomi | D24: 150 | E24: 30 | F24: Electronics | G24: =IF(D24>=500,"High Price","Standard Price") -> Standard Price | H24: =LEFT(A24,2) -> 19 | I24: =RIGHT(A24,2) -> BR | J24: =MID(A24,4,3) -> JUL
A25: 21-AUG-CA | B25: Laptop Bag | C25: Samsonite | D25: 50 | E25: 35 | F25: Accessories | G25: =IF(D25>=500,"High Price","Standard Price") -> Standard Price | H25: =LEFT(A25,2) -> 21 | I25: =RIGHT(A25,2) -> CA | J25: =MID(A25,4,3) -> AUG
A26: 29-SEP-CA | B26: Smartphone | C26: Google | D26: 800 | E26: 45 | F26: Electronics | G26: =IF(D26>=500,"High Price","Standard Price") -> High Price | H26: =LEFT(A26,2) -> 29 | I26: =RIGHT(A26,2) -> CA | J26: =MID(A26,4,3) -> SEP
A27: 03-JUN-CA | B27: Sunglasses | C27: Ray-Ban | D27: 130 | E27: 25 | F27: Fashion | G27: =IF(D27>=500,"High Price","Standard Price") -> Standard Price | H27: =LEFT(A27,2) -> 03 | I27: =RIGHT(A27,2) -> CA | J27: =MID(A27,4,3) -> JUN
A28: 11-JUL-CA | B28: Blender | C28: Vitamix | D28: 400 | E28: 40 | F28: Kitchen | G28: =IF(D28>=500,"High Price","Standard Price") -> Standard Price | H28: =LEFT(A28,2) -> 11 | I28: =RIGHT(A28,2) -> CA | J28: =MID(A28,4,3) -> JUL
A29: 16-APR-ES | B29: Headphones | C29: Bose | D29: 230 | E29: 20 | F29: Electronics | G29: =IF(D29>=500,"High Price","Standard Price") -> Standard Price | H29: =LEFT(A29,2) -> 16 | I29: =RIGHT(A29,2) -> ES | J29: =MID(A29,4,3) -> APR
A30: 07-MAR-CA | B30: Dress | C30: Zara | D30: 60 | E30: 30 | F30: Fashion | G30: =IF(D30>=500,"High Price","Standard Price") -> Standard Price | H30: =LEFT(A30,2) -> 07 | I30: =RIGHT(A30,2) -> CA | J30: =MID(A30,4,3) -> MAR
A31: 13-APR-CA | B31: Toaster | C31: Hamilton | D31: 40 | E31: 10 | F31: Kitchen | G31: =IF(D31>=500,"High Price","Standard Price") -> Standard Price | H31: =LEFT(A31,2) -> 13 | I31: =RIGHT(A31,2) -> CA | J31: =MID(A31,4,3) -> APR
A32: 24-MAY-CA | B32: Fitness Tracker | C32: Garmin | D32: 130 | E32: 5 | F32: Electronics | G32: =IF(D32>=500,"High Price","Standard Price") -> Standard Price | H32: =LEFT(A32,2) -> 24 | I32: =RIGHT(A32,2) -> CA | J32: =MID(A32,4,3) -> MAY
... A35: 09-JUL-FR | B35: Watch | C35: Casio | D35: 100 | E35: 20 | F35: Accessories | G35: =IF(D35>=500,"High Price","Standard Price") -> Standard Price | H35: =LEFT(A35,2) -> 09 | I35: =RIGHT(A35,2) -> FR | J35: =MID(A35,4,3) -> JUL

Sheet Answers
B3: 1 | C3: What is the total price of all products in the dataset?
C4: =SUM(Dataset!D2:D35) -> 18000
B6: 2 | C6: How many products are there in the dataset?
C7: =COUNTA(Dataset!B2:B35) -> 34
B9: 3 | C9: Calculate the average price of the products.
C10: =AVERAGE(Dataset!D2:D35) -> 529.41176
B12: 4 | C12: Determine the minimum price among all products.
C13: =MIN(Dataset!D2:D35) -> 30
B15: 5 | C15: Find the maximum price among all products.
C16: =MAX(Dataset!D2:D35) -> 8050
B18: 6 | C18: Calculate the total price for products in the 'Electronics' category using the SUMIF function.
C19: =SUMIF(Dataset!F2:F35,"Electronics",Dataset!D2:D35) -> 8050
B21: 7 | C21: Determine the count of products with a price less than $100 using the COUNTIF function.
C22: =COUNTIF(Dataset!D2:D35,"<100") -> 11
